Tweet Id,Text,Name,Screen Name,Created At,Favorites,Retweets,Language,Client,Tweet Type,Media Type,Media URLs,URLs,Hashtags,Mentions
1198221105481289728,"Näkymä Aleksanterinkadulta, vasemmalla rohdoskauppa (1907, Kaupunginmuseo, #helsinki) https://t.co/rsclq3XgIW",Signe Brander Bot,signebrander,Sat Nov 23 12:45:48 +0000 2019,26,1,Finnish,"<a href=""http://www.whatthehelsinki.com"" rel=""nofollow"">Signe Brander Bot</a>",Tweet,Photo,https://pbs.twimg.com/media/EKDvvu0XkAAj03-.jpg ,0,1,0
1198266404811747335,"kuvanveistäjä Walter Runeberg ateljeessaan (1988, Museovirasto) https://t.co/cJyxkgBKGO",Signe Brander Bot,signebrander,Sat Nov 23 15:45:48 +0000 2019,21,2,Finnish,"<a href=""http://www.whatthehelsinki.com"" rel=""nofollow"">Signe Brander Bot</a>",Tweet,Photo,https://pbs.twimg.com/media/EKEY8gRWwAAXzqc.jpg ,0,0,0
1198311702145765377,"Vantaanjoki (1907, Kaupunginmuseo, #helsinki) https://t.co/7FWfu9UgBp",Signe Brander Bot,signebrander,Sat Nov 23 18:45:48 +0000 2019,31,2,Finnish,"<a href=""http://www.whatthehelsinki.com"" rel=""nofollow"">Signe Brander Bot</a>",Tweet,Photo,https://pbs.twimg.com/media/EKFCJJQWsAoGZpv.jpg ,0,1,0
1198492895990472704,"Pasilan huvila-alue (1912, Kaupunginmuseo, #helsinki) https://t.co/Jy9640EcRI",Signe Brander Bot,signebrander,Sun Nov 24 06:45:47 +0000 2019,34,2,Finnish,"<a href=""http://www.whatthehelsinki.com"" rel=""nofollow"">Signe Brander Bot</a>",Tweet,Photo,https://pbs.twimg.com/media/EKHm8BWWwAAxju6.jpg ,0,1,0
1198583493728579596,"Vanha rautatieasema (1909, Kaupunginmuseo, #helsinki) https://t.co/0gYClz4iln",Signe Brander Bot,signebrander,Sun Nov 24 12:45:48 +0000 2019,15,0,Finnish,"<a href=""http://www.whatthehelsinki.com"" rel=""nofollow"">Signe Brander Bot</a>",Tweet,Photo,https://pbs.twimg.com/media/EKI5VgAWkAgICnh.jpg ,0,1,0
1198628792442507265,"Suitian kartano (1910, Museovirasto) https://t.co/Qqwmki7eZY",Signe Brander Bot,signebrander,Sun Nov 24 15:45:48 +0000 2019,23,1,Finnish,"<a href=""http://www.whatthehelsinki.com"" rel=""nofollow"">Signe Brander Bot</a>",Tweet,Photo,https://pbs.twimg.com/media/EKJiiOXW4AIbvzU.jpg ,0,0,0
1199217672292110336,"Havis Amanda -suihkukaivo Kauppatorilla paljastustilaisuuden jälkeen (1908, Kaupunginmuseo, #helsinki) https://t.co/epVHA4gYMO",Signe Brander Bot,signebrander,Tue Nov 26 06:45:48 +0000 2019,51,3,Finnish,"<a href=""http://www.whatthehelsinki.com"" rel=""nofollow"">Signe Brander Bot</a>",Tweet,Photo,https://pbs.twimg.com/media/EKR6HjkWsAAFfLI.jpg ,0,1,0
1199262970263613442,"Sauna Marie-Bad (1913, Kaupunginmuseo, #helsinki) https://t.co/r2mLKM8NoF",Signe Brander Bot,signebrander,Tue Nov 26 09:45:47 +0000 2019,4,1,Tagalog,"<a href=""http://www.whatthehelsinki.com"" rel=""nofollow"">Signe Brander Bot</a>",Tweet,Photo,https://pbs.twimg.com/media/EKSjUQRXYAAxLuK.jpg ,0,1,0
1199308272668495873,"Iso Roobertinkatu 14, 12, 10, 8, 6, 4, 2. (1907, Kaupunginmuseo, #helsinki) https://t.co/znKR9v3T1s",Signe Brander Bot,signebrander,Tue Nov 26 12:45:48 +0000 2019,31,1,Finnish,"<a href=""http://www.whatthehelsinki.com"" rel=""nofollow"">Signe Brander Bot</a>",Tweet,Photo,https://pbs.twimg.com/media/EKTMhL4XkAEqSWc.jpg ,0,1,0
1199353570908426241,"Hvitträsk, kirjasto (1907, 1907-, Museovirasto) https://t.co/eGfg7hFzpT",Signe Brander Bot,signebrander,Tue Nov 26 15:45:48 +0000 2019,15,2,Finnish,"<a href=""http://www.whatthehelsinki.com"" rel=""nofollow"">Signe Brander Bot</a>",Tweet,Photo,https://pbs.twimg.com/media/EKT1t5FXkAExVzj.jpg ,0,0,0
1199398867365744640,"Panoraama Kansallismuseon tornista itään (1908, Kaupunginmuseo, #helsinki) https://t.co/nbeI3Nl3FT",Signe Brander Bot,signebrander,Tue Nov 26 18:45:48 +0000 2019,9,0,Finnish,"<a href=""http://www.whatthehelsinki.com"" rel=""nofollow"">Signe Brander Bot</a>",Tweet,Photo,https://pbs.twimg.com/media/EKUe6e_XsAgxblI.jpg ,0,1,0
1199580073109676032,"Vaasankatu 29, 27, 25, 23, 21. (1912, Kaupunginmuseo, #helsinki) https://t.co/BQsji1hf7o",Signe Brander Bot,signebrander,Wed Nov 27 06:45:51 +0000 2019,31,3,Finnish,"<a href=""http://www.whatthehelsinki.com"" rel=""nofollow"">Signe Brander Bot</a>",Tweet,Photo,https://pbs.twimg.com/media/EKXDt-tXUAARmX3.jpg ,0,1,0
1199625358993170432,"Rautatientori (1909, Kaupunginmuseo, #helsinki) https://t.co/lR9JYTLnjW",Signe Brander Bot,signebrander,Wed Nov 27 09:45:48 +0000 2019,43,5,Finnish,"<a href=""http://www.whatthehelsinki.com"" rel=""nofollow"">Signe Brander Bot</a>",Tweet,Photo,https://pbs.twimg.com/media/EKXs6CaX0AAdf-R.jpg ,0,1,0
1199670659007307776,"Kaisaniemi (1907, Kaupunginmuseo, #helsinki) https://t.co/mHV0LdEuPK",Signe Brander Bot,signebrander,Wed Nov 27 12:45:48 +0000 2019,15,0,Finnish,"<a href=""http://www.whatthehelsinki.com"" rel=""nofollow"">Signe Brander Bot</a>",Tweet,Photo,https://pbs.twimg.com/media/EKYWG2lW4AAGa_C.jpg ,0,1,0
1199715956404170759,"Ravean kartano Mietoisissa (1910 - 1911, Museovirasto) https://t.co/z3EDGPwqX3",Signe Brander Bot,signebrander,Wed Nov 27 15:45:48 +0000 2019,6,0,Finnish,"<a href=""http://www.whatthehelsinki.com"" rel=""nofollow"">Signe Brander Bot</a>",Tweet,Photo,https://pbs.twimg.com/media/EKY_Tf7WkAE5eCu.jpg ,0,0,0
1199761257517240322,"Bulevardi 7, 9. Pihakuva. (1914, Kaupunginmuseo, #helsinki) https://t.co/xLMwotIrGh",Signe Brander Bot,signebrander,Wed Nov 27 18:45:48 +0000 2019,12,2,Finnish,"<a href=""http://www.whatthehelsinki.com"" rel=""nofollow"">Signe Brander Bot</a>",Tweet,Photo,https://pbs.twimg.com/media/EKZogYtWsAE3ujC.jpg ,0,1,0
1199942448933429249,"Huvila Toivo 49. Läntinen Viertotie (nykyinen Mannerheimintie 17). (1912, Kaupunginmuseo, #helsinki) https://t.co/qFZ7yLWxHT",Signe Brander Bot,signebrander,Thu Nov 28 06:45:48 +0000 2019,24,1,Finnish,"<a href=""http://www.whatthehelsinki.com"" rel=""nofollow"">Signe Brander Bot</a>",Tweet,Photo,https://pbs.twimg.com/media/EKcNTGDW4AAJ25G.jpg ,0,1,0
1199987746389008385,"Korkeavuorenkatu 8, pihan puolelta (1907, Kaupunginmuseo, #helsinki) https://t.co/SDelMXRrdG",Signe Brander Bot,signebrander,Thu Nov 28 09:45:48 +0000 2019,15,2,Finnish,"<a href=""http://www.whatthehelsinki.com"" rel=""nofollow"">Signe Brander Bot</a>",Tweet,Photo,https://pbs.twimg.com/media/EKc2fwXX0AAFgpo.jpg ,0,1,0
1200033044440199171,"Itäinen Viertotie 55 pihan puolelta (= Hämeentie 58) (1911, Kaupunginmuseo, #helsinki) https://t.co/fIUcgtiYno",Signe Brander Bot,signebrander,Thu Nov 28 12:45:47 +0000 2019,10,0,Finnish,"<a href=""http://www.whatthehelsinki.com"" rel=""nofollow"">Signe Brander Bot</a>",Tweet,Photo,https://pbs.twimg.com/media/EKdfsdkWwAACQxp.jpg ,0,1,0
1200078345154764800,"Ravean kartano Mietoisissa (1910 - 1911, Museovirasto) https://t.co/NIO4qwvoHV",Signe Brander Bot,signebrander,Thu Nov 28 15:45:48 +0000 2019,2,0,Finnish,"<a href=""http://www.whatthehelsinki.com"" rel=""nofollow"">Signe Brander Bot</a>",Tweet,Photo,https://pbs.twimg.com/media/EKeI5QrWoAAffxx.jpg ,0,0,0
1200123642354552833,"Vanha rautatieasema (1909, Kaupunginmuseo, #helsinki) https://t.co/qtvGyhMk8m",Signe Brander Bot,signebrander,Thu Nov 28 18:45:48 +0000 2019,15,1,Finnish,"<a href=""http://www.whatthehelsinki.com"" rel=""nofollow"">Signe Brander Bot</a>",Tweet,Photo,https://pbs.twimg.com/media/EKeyF8vXYAEVpuX.jpg ,0,1,0
1200304835234598914,"Fredrikinkatu 32, 34 . Nähtynä Antinkadun (=Lönnrotinkatu) kulmasta (1909, Kaupunginmuseo, #helsinki) https://t.co/N9kWBbWKQW",Signe Brander Bot,signebrander,Fri Nov 29 06:45:47 +0000 2019,9,0,Finnish,"<a href=""http://www.whatthehelsinki.com"" rel=""nofollow"">Signe Brander Bot</a>",Tweet,Photo,https://pbs.twimg.com/media/EKhW4xpWwAA5UVU.jpg ,0,1,0
1200350133860339712,"Kristianinkatu 8. - Kulmakatu 7. Kristianinkatu 6. (1907, Kaupunginmuseo, #helsinki) https://t.co/ZMQWHrBKBF",Signe Brander Bot,signebrander,Fri Nov 29 09:45:47 +0000 2019,18,0,Finnish,"<a href=""http://www.whatthehelsinki.com"" rel=""nofollow"">Signe Brander Bot</a>",Tweet,Photo,https://pbs.twimg.com/media/EKiAFgOW4AEbOtu.jpg ,0,1,0
1200395431936700417,"Mikonkatu 9, 11, 13, 15, 17. Vasemmalla Rautatientori (1907, Kaupunginmuseo, #helsinki) https://t.co/saHXmRQIcB",Signe Brander Bot,signebrander,Fri Nov 29 12:45:47 +0000 2019,25,0,Finnish,"<a href=""http://www.whatthehelsinki.com"" rel=""nofollow"">Signe Brander Bot</a>",Tweet,Photo,https://pbs.twimg.com/media/EKipSLTWoAIEy0n.jpg ,0,1,0
1200440729597861888,"Pasalan kartanon rakennuksia Joroisten Järvikylässä (ennen 1920, Museovirasto) https://t.co/fs5R7E5TYB",Signe Brander Bot,signebrander,Fri Nov 29 15:45:47 +0000 2019,8,0,Finnish,"<a href=""http://www.whatthehelsinki.com"" rel=""nofollow"">Signe Brander Bot</a>",Tweet,Photo,https://pbs.twimg.com/media/EKjSe3DW4AAEvud.jpg ,0,0,0
1200486030513778693,"Korkeavuorenkatu 39, 41, 43, 45, 47. (1908, Kaupunginmuseo, #helsinki) https://t.co/BKxMhr7KkW",Signe Brander Bot,signebrander,Fri Nov 29 18:45:48 +0000 2019,27,0,Finnish,"<a href=""http://www.whatthehelsinki.com"" rel=""nofollow"">Signe Brander Bot</a>",Tweet,Photo,https://pbs.twimg.com/media/EKj7rryWkAQXE4A.jpg ,0,1,0
1200667230192709632,"Viikki, Viikinmäki (1913, Kaupunginmuseo, #helsinki) https://t.co/qGlA3z8BXQ",Signe Brander Bot,signebrander,Sat Nov 30 06:45:49 +0000 2019,10,2,Finnish,"<a href=""http://www.whatthehelsinki.com"" rel=""nofollow"">Signe Brander Bot</a>",Tweet,Photo,https://pbs.twimg.com/media/EKmge7zXkAAacay.jpg ,0,1,0
1200803120281993217,"Ratulan kartano Artjärvellä puutarhan puolelta (1910, Museovirasto) https://t.co/PPMpzvG3oy",Signe Brander Bot,signebrander,Sat Nov 30 15:45:48 +0000 2019,7,0,Finnish,"<a href=""http://www.whatthehelsinki.com"" rel=""nofollow"">Signe Brander Bot</a>",Tweet,Photo,https://pbs.twimg.com/media/EKocEwRXkAAhHE6.jpg ,0,0,0
1200848419096551425,"Konstantininkatu (= Meritullinkatu ) 5, 7, 9.  Etualalla Kirkkokatu (1907, Kaupunginmuseo, #helsinki) https://t.co/KhDcSVXd9a",Signe Brander Bot,signebrander,Sat Nov 30 18:45:48 +0000 2019,20,2,Finnish,"<a href=""http://www.whatthehelsinki.com"" rel=""nofollow"">Signe Brander Bot</a>",Tweet,Photo,https://pbs.twimg.com/media/EKpFReGWsAgw7CI.jpg ,0,1,0
1201029612979081217,"Puolustusvalleja Kaivopuistossa. (1910, Kaupunginmuseo, #helsinki) https://t.co/lHbqJy04qw",Signe Brander Bot,signebrander,Sun Dec 01 06:45:48 +0000 2019,14,2,Finnish,"<a href=""http://www.whatthehelsinki.com"" rel=""nofollow"">Signe Brander Bot</a>",Tweet,Photo,https://pbs.twimg.com/media/EKrqEY0XsAAdKlt.jpg ,0,1,0
1201074910547922944,"Hietalahden satamaa nähtynä Munkkisaaren kärjestä (1909, Kaupunginmuseo, #helsinki) https://t.co/gp5hLgxlRg",Signe Brander Bot,signebrander,Sun Dec 01 09:45:48 +0000 2019,32,0,Finnish,"<a href=""http://www.whatthehelsinki.com"" rel=""nofollow"">Signe Brander Bot</a>",Tweet,Photo,https://pbs.twimg.com/media/EKsTRCvXYAE2d1P.jpg ,0,1,0
1201120209374994438,"Taipaleen huvila-alue, Pohjoinen Hesperiankatu 15. Pihakuva. (1930 -luku, Kaupunginmuseo, #helsinki) https://t.co/XFE4c7op5M",Signe Brander Bot,signebrander,Sun Dec 01 12:45:48 +0000 2019,13,1,Finnish,"<a href=""http://www.whatthehelsinki.com"" rel=""nofollow"">Signe Brander Bot</a>",Tweet,Photo,https://pbs.twimg.com/media/EKs8dyKXkAApfbY.jpg ,0,1,0
1201165505324896256,"Mäntsälän Alikartano eli Frugård, sisäkuvassa förmaaki (1911, Museovirasto) https://t.co/26ps3kocug",Signe Brander Bot,signebrander,Sun Dec 01 15:45:47 +0000 2019,13,1,Finnish,"<a href=""http://www.whatthehelsinki.com"" rel=""nofollow"">Signe Brander Bot</a>",Tweet,Photo,https://pbs.twimg.com/media/EKtlqXWX0BoCxYZ.jpg ,0,0,0
1201210807096397824,"Kaisaniemi. (1912, Kaupunginmuseo, #helsinki) https://t.co/9ED4FLFp5B",Signe Brander Bot,signebrander,Sun Dec 01 18:45:48 +0000 2019,7,0,Finnish,"<a href=""http://www.whatthehelsinki.com"" rel=""nofollow"">Signe Brander Bot</a>",Tweet,Photo,https://pbs.twimg.com/media/EKuO3QSWwAAkO6T.jpg ,0,1,0
1201391999393419266,"Konstantininkatu (Meritullinkatu) 21, 23, 25, 27. (1913, Kaupunginmuseo, #helsinki) https://t.co/3OLP8eQPki",Signe Brander Bot,signebrander,Mon Dec 02 06:45:48 +0000 2019,14,3,Indonesian,"<a href=""http://www.whatthehelsinki.com"" rel=""nofollow"">Signe Brander Bot</a>",Tweet,Photo,https://pbs.twimg.com/media/EKwzqCCWkAAZFSp.jpg ,0,1,0
1201437298782621697,"Bulevardi 7, 9. (1913, Kaupunginmuseo, #helsinki) https://t.co/J27aadHDs4",Signe Brander Bot,signebrander,Mon Dec 02 09:45:48 +0000 2019,5,0,Finnish,"<a href=""http://www.whatthehelsinki.com"" rel=""nofollow"">Signe Brander Bot</a>",Tweet,Photo,https://pbs.twimg.com/media/EKxc200W4AATsVk.jpg ,0,1,0
1201482595273445376,"Lastenpäivä 13.5.1913, juhlakulkue Pohjoisella Esplanaadikadulla (11.05.1913, Kaupunginmuseo, #helsinki) https://t.co/QJxgN7M2Mi",Signe Brander Bot,signebrander,Mon Dec 02 12:45:47 +0000 2019,15,2,Finnish,"<a href=""http://www.whatthehelsinki.com"" rel=""nofollow"">Signe Brander Bot</a>",Tweet,Photo,https://pbs.twimg.com/media/EKyGDavWwAErrle.jpg ,0,1,0
1201527901558059008,"Nuhjalan kartanon kuninkaanhuone; Kalustus hankittiin Kustaa III:n vierailua varten 1789. (1911, Museovirasto) https://t.co/68KcGYBq7Q",Signe Brander Bot,signebrander,Mon Dec 02 15:45:49 +0000 2019,14,1,Finnish,"<a href=""http://www.whatthehelsinki.com"" rel=""nofollow"">Signe Brander Bot</a>",Tweet,Photo,https://pbs.twimg.com/media/EKyvQjtXYAU0t12.jpg ,0,0,0
1201573193590460417,"Leppäsuo (1907, Kaupunginmuseo, #helsinki) https://t.co/GWNp3C2teV",Signe Brander Bot,signebrander,Mon Dec 02 18:45:48 +0000 2019,15,0,Finnish,"<a href=""http://www.whatthehelsinki.com"" rel=""nofollow"">Signe Brander Bot</a>",Tweet,Photo,https://pbs.twimg.com/media/EKzYc7HWoAErwDG.jpg ,0,1,0
1201754580368994304,"Mechelininkatu 3. Katurakennuksen pohjoissivu. (1930 -luku, Kaupunginmuseo, #helsinki) https://t.co/Si3yeniYZD",Signe Brander Bot,signebrander,Tue Dec 03 06:46:34 +0000 2019,15,0,Finnish,"<a href=""http://www.whatthehelsinki.com"" rel=""nofollow"">Signe Brander Bot</a>",Tweet,Photo,https://pbs.twimg.com/media/EK19bCJWkAIYSoR.jpg ,0,1,0
1201799685540917248,"Pihakuva (1930 -luku, Kaupunginmuseo, #helsinki) https://t.co/vkKYcn6mcZ",Signe Brander Bot,signebrander,Tue Dec 03 09:45:48 +0000 2019,14,0,Finnish,"<a href=""http://www.whatthehelsinki.com"" rel=""nofollow"">Signe Brander Bot</a>",Tweet,Photo,https://pbs.twimg.com/media/EK2mcglXsAAwKYz.jpg ,0,1,0
1201844986553221120,"Bulevardi 3, Florinin huvimaja. (1908, Kaupunginmuseo, #helsinki) https://t.co/jnyXUErBX2",Signe Brander Bot,signebrander,Tue Dec 03 12:45:48 +0000 2019,14,0,Finnish,"<a href=""http://www.whatthehelsinki.com"" rel=""nofollow"">Signe Brander Bot</a>",Tweet,Photo,https://pbs.twimg.com/media/EK3PpWcXYAEd5Rb.jpg ,0,1,0
1201890282654117889,"Eurajoki Vuojoen kartanon kohdalla, näkymä ylävirtaan (1911, Museovirasto) https://t.co/BDmvVKDHE7",Signe Brander Bot,signebrander,Tue Dec 03 15:45:48 +0000 2019,11,1,Finnish,"<a href=""http://www.whatthehelsinki.com"" rel=""nofollow"">Signe Brander Bot</a>",Tweet,Photo,https://pbs.twimg.com/media/EK3418vX0AAILt7.jpg ,0,0,0
1201935581615448066,"Etu-Töölö, Fjelldalin huvila-alue (1908, Kaupunginmuseo, #helsinki) https://t.co/6blSl9WDSI",Signe Brander Bot,signebrander,Tue Dec 03 18:45:48 +0000 2019,16,1,Finnish,"<a href=""http://www.whatthehelsinki.com"" rel=""nofollow"">Signe Brander Bot</a>",Tweet,Photo,https://pbs.twimg.com/media/EK4iCrdWoAAx1lk.jpg ,0,1,0
1202116774747156481,"Hietakannas (1907, Kaupunginmuseo, #helsinki) https://t.co/HnYgncFB0b",Signe Brander Bot,signebrander,Wed Dec 04 06:45:48 +0000 2019,11,1,Finnish,"<a href=""http://www.whatthehelsinki.com"" rel=""nofollow"">Signe Brander Bot</a>",Tweet,Photo,https://pbs.twimg.com/media/EK7G1hsWkAAYdgU.jpg ,0,1,0
1202162074501165056,"Itäinen Papinkatu 9.  Taustalla Castréninkatu. (1911, Kaupunginmuseo, #helsinki) https://t.co/BMZCBwjWQ1",Signe Brander Bot,signebrander,Wed Dec 04 09:45:48 +0000 2019,26,1,Finnish,"<a href=""http://www.whatthehelsinki.com"" rel=""nofollow"">Signe Brander Bot</a>",Tweet,Photo,https://pbs.twimg.com/media/EK7wCVHXkAA-S9E.jpg ,0,1,0
1202207373672296454,"Siltavuorensatama (1907, Kaupunginmuseo, #helsinki) https://t.co/yJZrawPoMt",Signe Brander Bot,signebrander,Wed Dec 04 12:45:48 +0000 2019,15,1,Finnish,"<a href=""http://www.whatthehelsinki.com"" rel=""nofollow"">Signe Brander Bot</a>",Tweet,Photo,https://pbs.twimg.com/media/EK8ZPFBX0AIw-n6.jpg ,0,1,0
1202252670637150209,Anolan kartano (Museovirasto) https://t.co/kRLXUJNPWi,Signe Brander Bot,signebrander,Wed Dec 04 15:45:48 +0000 2019,9,1,Tagalog,"<a href=""http://www.whatthehelsinki.com"" rel=""nofollow"">Signe Brander Bot</a>",Tweet,Photo,https://pbs.twimg.com/media/EK9CbtmWwAEORFH.jpg ,0,0,0
1202309310036037638,"Brander Signe, 1913 - 1920: Seestan kartano järveltä kuvattuna (Seesta, Nastola, Museovirasto) https://t.co/NIAUQbfF45",Signe Brander Bot,signebrander,Wed Dec 04 19:30:51 +0000 2019,0,2,Finnish,"<a href=""https://about.twitter.com/products/tweetdeck"" rel=""nofollow"">TweetDeck</a>",Retweet,Photo,https://pbs.twimg.com/media/EK4pC37WoAE1xk5.jpg ,0,0,0
1202479163644493829,"Maurinkatu 4, pihan puolelta. (1907, Kaupunginmuseo, #helsinki) https://t.co/a8mE6y114g",Signe Brander Bot,signebrander,Thu Dec 05 06:45:48 +0000 2019,16,1,Finnish,"<a href=""http://www.whatthehelsinki.com"" rel=""nofollow"">Signe Brander Bot</a>",Tweet,Photo,https://pbs.twimg.com/media/ELAQbVfXUAAOt9Z.jpg ,0,1,0
1202524461771055104,"Itäinen Heikinkatu 9, 11, 13 (nykyisin Mannerheimintie 5, 7). (1907, Kaupunginmuseo, #helsinki) https://t.co/zUteizjXN0",Signe Brander Bot,signebrander,Thu Dec 05 09:45:48 +0000 2019,15,2,Finnish,"<a href=""http://www.whatthehelsinki.com"" rel=""nofollow"">Signe Brander Bot</a>",Tweet,Photo,https://pbs.twimg.com/media/ELA5oCoUUAE1dvL.jpg ,0,1,0
1202569830970335234,"Bulevardi 40, kuvattu Sinebrychoffin puiston puolelta (1930 -luku, Kaupunginmuseo, #helsinki) https://t.co/DMrLmhGqf9",Signe Brander Bot,signebrander,Thu Dec 05 12:46:05 +0000 2019,12,0,Finnish,"<a href=""http://www.whatthehelsinki.com"" rel=""nofollow"">Signe Brander Bot</a>",Tweet,Photo,https://pbs.twimg.com/media/ELBi42sWwAAe2Fc.jpg ,0,1,0
1202615062860619776,"Urajärven kartano (1913, Museovirasto) https://t.co/fuSGP24gem",Signe Brander Bot,signebrander,Thu Dec 05 15:45:49 +0000 2019,7,0,Finnish,"<a href=""http://www.whatthehelsinki.com"" rel=""nofollow"">Signe Brander Bot</a>",Tweet,Photo,https://pbs.twimg.com/media/ELCMBtQXkAUU45k.jpg ,0,0,0
1202660358680403969,"Bulevardi 7, 9. Pihakuva (1913, Kaupunginmuseo, #helsinki) https://t.co/6fU5tXkG2U",Signe Brander Bot,signebrander,Thu Dec 05 18:45:48 +0000 2019,18,3,Finnish,"<a href=""http://www.whatthehelsinki.com"" rel=""nofollow"">Signe Brander Bot</a>",Tweet,Photo,https://pbs.twimg.com/media/ELC1ORRWwAAlN66.jpg ,0,1,0
1202841548582457345,"Huvila Etu-Töölössä. (1908, Kaupunginmuseo, #helsinki) https://t.co/4wKnzz5gTa",Signe Brander Bot,signebrander,Fri Dec 06 06:45:47 +0000 2019,24,2,Finnish,"<a href=""http://www.whatthehelsinki.com"" rel=""nofollow"">Signe Brander Bot</a>",Tweet,Photo,https://pbs.twimg.com/media/ELFaA6gXkAES2NU.jpg ,0,1,0
1202886849146052608,"Sauna Marie-Badin henkilökuntaa (1913, Kaupunginmuseo, #helsinki) https://t.co/jomj3NDXf2",Signe Brander Bot,signebrander,Fri Dec 06 09:45:48 +0000 2019,26,1,Finnish,"<a href=""http://www.whatthehelsinki.com"" rel=""nofollow"">Signe Brander Bot</a>",Tweet,Photo,https://pbs.twimg.com/media/ELGDNv7WwAICK8P.jpg ,0,1,0
1202932148082298882,"Kaasulla toimivan katulyhdyn puhdistamista Konstantininkatu (Meritullinkatu) 10:n edustalla. (1912, Kaupunginmuseo, #helsinki) https://t.co/KJQAleG3Lg",Signe Brander Bot,signebrander,Fri Dec 06 12:45:48 +0000 2019,22,4,Finnish,"<a href=""http://www.whatthehelsinki.com"" rel=""nofollow"">Signe Brander Bot</a>",Tweet,Photo,https://pbs.twimg.com/media/ELGsagfWsAALTui.jpg ,0,1,0
1202977445793669121,"Hahkialan kartanon puisto (1913 - 1915, Museovirasto) https://t.co/J1gQZKkWYX",Signe Brander Bot,signebrander,Fri Dec 06 15:45:47 +0000 2019,6,1,Finnish,"<a href=""http://www.whatthehelsinki.com"" rel=""nofollow"">Signe Brander Bot</a>",Tweet,Photo,https://pbs.twimg.com/media/ELHVnK9WsAAnl5R.jpg ,0,0,0
1202983236403642368,Tuntematon sotilas väritettynä. Tekniikka sama mitä @varisigne käyttää. https://t.co/xosVUYyp0G,Signe Brander Bot,signebrander,Fri Dec 06 16:08:48 +0000 2019,5,0,Finnish,"<a href=""https://about.twitter.com/products/tweetdeck"" rel=""nofollow"">TweetDeck</a>",Tweet,,,1,0,1
1203022746659295233,"Huvila Toivo 49, Läntinen Viertotie (1912, Kaupunginmuseo, #helsinki) https://t.co/D3mXuQDE7Q",Signe Brander Bot,signebrander,Fri Dec 06 18:45:48 +0000 2019,7,1,Finnish,"<a href=""http://www.whatthehelsinki.com"" rel=""nofollow"">Signe Brander Bot</a>",Tweet,Photo,https://pbs.twimg.com/media/ELH-0AkWsAAAufI.jpg ,0,1,0
1203203937077276673,"Säätytalo, Nikolainkatu (= Snellmaninkatu) 9 - 11. (1910, Kaupunginmuseo, #helsinki) https://t.co/UHGzc1X1az",Signe Brander Bot,signebrander,Sat Dec 07 06:45:47 +0000 2019,19,1,Finnish,"<a href=""http://www.whatthehelsinki.com"" rel=""nofollow"">Signe Brander Bot</a>",Tweet,Photo,https://pbs.twimg.com/media/ELKjmtIXkAAMe3v.jpg ,0,1,0
1203249238194475014,"Itäinen Heikinkatu 5, 3, 1 (= Mannerheimintie 1). (1908, Kaupunginmuseo, #helsinki) https://t.co/HDVRC6XE9W",Signe Brander Bot,signebrander,Sat Dec 07 09:45:48 +0000 2019,22,5,Finnish,"<a href=""http://www.whatthehelsinki.com"" rel=""nofollow"">Signe Brander Bot</a>",Tweet,Photo,https://pbs.twimg.com/media/ELLMzj5WkAAnB-s.jpg ,0,1,0
1203339833214717953,Tjusterbyn kartano (Museovirasto) https://t.co/4yj61MrHol,Signe Brander Bot,signebrander,Sat Dec 07 15:45:47 +0000 2019,12,1,Finnish,"<a href=""http://www.whatthehelsinki.com"" rel=""nofollow"">Signe Brander Bot</a>",Tweet,Photo,https://pbs.twimg.com/media/ELMfM5PWoAAz-T-.jpg ,0,0,0
1203385130322210818,"Kulosaaren ranta Hopeasalmessa (1909, Kaupunginmuseo, #helsinki) https://t.co/Kt3bazqZH9",Signe Brander Bot,signebrander,Sat Dec 07 18:45:47 +0000 2019,18,2,Finnish,"<a href=""http://www.whatthehelsinki.com"" rel=""nofollow"">Signe Brander Bot</a>",Tweet,Photo,https://pbs.twimg.com/media/ELNIZiOWkAM4AXM.jpg ,0,1,0
1203566325093806080,"Siltavuorensatama (1907, Kaupunginmuseo, #helsinki) https://t.co/wCkkidlSPM",Signe Brander Bot,signebrander,Sun Dec 08 06:45:47 +0000 2019,34,1,Finnish,"<a href=""http://www.whatthehelsinki.com"" rel=""nofollow"">Signe Brander Bot</a>",Tweet,Photo,https://pbs.twimg.com/media/ELPtMeFW4AIVoL3.jpg ,0,1,0
1203611625216978946,"Vironkatu 8, 10.  Mariankatu 18. (1909, Kaupunginmuseo, #helsinki) https://t.co/9YwqyRVWvk",Signe Brander Bot,signebrander,Sun Dec 08 09:45:48 +0000 2019,17,1,Finnish,"<a href=""http://www.whatthehelsinki.com"" rel=""nofollow"">Signe Brander Bot</a>",Tweet,Photo,https://pbs.twimg.com/media/ELQWZRzWoAA0a0O.jpg ,0,1,0
1203656923087814661,"Konstantininkatu (=Meritullinkatu) 26. Liisankatu 9a, 9b, 11. (1907, Kaupunginmuseo, #helsinki) https://t.co/VRXtfrcIsA",Signe Brander Bot,signebrander,Sun Dec 08 12:45:47 +0000 2019,14,0,Indonesian,"<a href=""http://www.whatthehelsinki.com"" rel=""nofollow"">Signe Brander Bot</a>",Tweet,Photo,https://pbs.twimg.com/media/ELQ_l8YXkAAhtWW.jpg ,0,1,0
1203702221059346432,"Tenholan kartano Lemussa (1910 - 1911, Museovirasto) https://t.co/GcgOsLp9Gu",Signe Brander Bot,signebrander,Sun Dec 08 15:45:47 +0000 2019,6,0,Finnish,"<a href=""http://www.whatthehelsinki.com"" rel=""nofollow"">Signe Brander Bot</a>",Tweet,Photo,https://pbs.twimg.com/media/ELRoynVX0AAeL63.jpg ,0,0,0
1203747519802556417,"Ursinin kallio ja uimalaitos (1909, Kaupunginmuseo, #helsinki) https://t.co/KAz9pRvZ5E",Signe Brander Bot,signebrander,Sun Dec 08 18:45:47 +0000 2019,12,0,Finnish,"<a href=""http://www.whatthehelsinki.com"" rel=""nofollow"">Signe Brander Bot</a>",Tweet,Photo,https://pbs.twimg.com/media/ELSR_XFXYAAEpBu.jpg ,0,1,0
1203928713471107074,"Hakaniemenranta 1.  Nykyinen Hakaniemenkatu 1 - Viherniemenkatu 1. (1908, Kaupunginmuseo, #helsinki) https://t.co/25kwotMYjx",Signe Brander Bot,signebrander,Mon Dec 09 06:45:47 +0000 2019,18,2,Finnish,"<a href=""http://www.whatthehelsinki.com"" rel=""nofollow"">Signe Brander Bot</a>",Tweet,Photo,https://pbs.twimg.com/media/ELU2yPpXUAAejGr.jpg ,0,1,0
1203974014517030912,"Vantaanjoki (1907, Kaupunginmuseo, #helsinki) https://t.co/wKNwWVbI3l",Signe Brander Bot,signebrander,Mon Dec 09 09:45:48 +0000 2019,19,2,Finnish,"<a href=""http://www.whatthehelsinki.com"" rel=""nofollow"">Signe Brander Bot</a>",Tweet,Photo,https://pbs.twimg.com/media/ELVf_GgXsAAkskx.jpg ,0,1,0
1204019311196721152,"Pyykinkuivatusta Kaartinpuutarhassa (=Tehtaanpuistossa) (1907, Kaupunginmuseo, #helsinki) https://t.co/ABGaUrh0lO",Signe Brander Bot,signebrander,Mon Dec 09 12:45:48 +0000 2019,18,1,Finnish,"<a href=""http://www.whatthehelsinki.com"" rel=""nofollow"">Signe Brander Bot</a>",Tweet,Photo,https://pbs.twimg.com/media/ELWJLt1WkAAyZLs.jpg ,0,1,0
1204064608149032960,"Mariantorni Monrepos'n puistossa (1912, Museovirasto) https://t.co/kqtdx0S1ta",Signe Brander Bot,signebrander,Mon Dec 09 15:45:47 +0000 2019,10,1,Finnish,"<a href=""http://www.whatthehelsinki.com"" rel=""nofollow"">Signe Brander Bot</a>",Tweet,Photo,https://pbs.twimg.com/media/ELWyYXHXsAEcb4r.jpg ,0,0,0
1204109906447609857,"Villa Arkadia pihan puolelta (1907, Kaupunginmuseo, #helsinki) https://t.co/gEjWCsEVRr",Signe Brander Bot,signebrander,Mon Dec 09 18:45:47 +0000 2019,16,1,Finnish,"<a href=""http://www.whatthehelsinki.com"" rel=""nofollow"">Signe Brander Bot</a>",Tweet,Photo,https://pbs.twimg.com/media/ELXblDoWkAA0ZoZ.jpg ,0,1,0
1204291101030518784,"Kivenlouhintaa Sörnäisissä. (1910, Kaupunginmuseo, #helsinki) https://t.co/OR8qoo0Ucd",Signe Brander Bot,signebrander,Tue Dec 10 06:45:47 +0000 2019,7,0,Finnish,"<a href=""http://www.whatthehelsinki.com"" rel=""nofollow"">Signe Brander Bot</a>",Tweet,Photo,https://pbs.twimg.com/media/ELaAX_GWoAI1B1S.jpg ,0,1,0
1204336402009337856,"Pohjoisranta 16, piharakennus. (1907, Kaupunginmuseo, #helsinki) https://t.co/6uGreDif4u",Signe Brander Bot,signebrander,Tue Dec 10 09:45:48 +0000 2019,13,3,Finnish,"<a href=""http://www.whatthehelsinki.com"" rel=""nofollow"">Signe Brander Bot</a>",Tweet,Photo,https://pbs.twimg.com/media/ELapk2OW4AAu2eV.jpg ,0,1,0
1204381698777108480,"Kruunuhaankatu 1, 3 (1907, Kaupunginmuseo, #helsinki) https://t.co/G1UF7R162z",Signe Brander Bot,signebrander,Tue Dec 10 12:45:47 +0000 2019,13,0,Finnish,"<a href=""http://www.whatthehelsinki.com"" rel=""nofollow"">Signe Brander Bot</a>",Tweet,Photo,https://pbs.twimg.com/media/ELbSxclW4AAvMIx.jpg ,0,1,0
1204426996241117184,"kuistitunnelmaa Östersundomin kartanossa (1910 - 1911, Museovirasto) https://t.co/dURPosExvd",Signe Brander Bot,signebrander,Tue Dec 10 15:45:47 +0000 2019,23,1,Finnish,"<a href=""http://www.whatthehelsinki.com"" rel=""nofollow"">Signe Brander Bot</a>",Tweet,Photo,https://pbs.twimg.com/media/ELb7-HVXYAElcCj.jpg ,0,0,0
1204472296490098689,"Johannes Askolinin hautapatsaan savimalli (Walter Runeberg) (1912, Kaupunginmuseo, #helsinki) https://t.co/9PX8zFDWlK",Signe Brander Bot,signebrander,Tue Dec 10 18:45:48 +0000 2019,4,0,Finnish,"<a href=""http://www.whatthehelsinki.com"" rel=""nofollow"">Signe Brander Bot</a>",Tweet,Photo,https://pbs.twimg.com/media/ELclK6cXkAA5ZM3.jpg ,0,1,0
1204653488816500736,"Fil. tri (1900 -luvun alku, Kaupunginmuseo, #helsinki) https://t.co/xAQ7Wb1xAX",Signe Brander Bot,signebrander,Wed Dec 11 06:45:47 +0000 2019,17,4,Finnish,"<a href=""http://www.whatthehelsinki.com"" rel=""nofollow"">Signe Brander Bot</a>",Tweet,Photo,https://pbs.twimg.com/media/ELfJ9s2WoAIm3xV.jpg ,0,1,0
1204744085908738048,"Näköala Pengerpuiston paikalta Sörnäisten rantaan (1912, Kaupunginmuseo, #helsinki) https://t.co/TcbmbsE8mK",Signe Brander Bot,signebrander,Wed Dec 11 12:45:47 +0000 2019,22,0,Finnish,"<a href=""http://www.whatthehelsinki.com"" rel=""nofollow"">Signe Brander Bot</a>",Tweet,Photo,https://pbs.twimg.com/media/ELgcXJ0WkAEdkY8.jpg ,0,1,0
1204789385499004933,"Kankaisten kartanon puutarha Maskussa (1910-luku, Museovirasto) https://t.co/cBDxvOxwD4",Signe Brander Bot,signebrander,Wed Dec 11 15:45:48 +0000 2019,13,0,Finnish,"<a href=""http://www.whatthehelsinki.com"" rel=""nofollow"">Signe Brander Bot</a>",Tweet,Photo,https://pbs.twimg.com/media/ELhFj8fUYAIKzen.jpg ,0,0,0
1204832204624412673,"Viikki, Viikinmäki (1913, Kaupunginmuseo, #helsinki) https://t.co/a5Pd295d8t",Signe Brander Bot,signebrander,Wed Dec 11 18:35:56 +0000 2019,12,0,Finnish,"<a href=""http://www.whatthehelsinki.com"" rel=""nofollow"">Signe Brander Bot</a>",Tweet,Photo,https://pbs.twimg.com/media/ELhsgV8WoAIPXBT.jpg ,0,1,0
1205013378730733569,"Merimiehenkatu 16, 14, 12, 10, 8. (1907, Kaupunginmuseo, #helsinki) https://t.co/CjEHOiVbmW",Signe Brander Bot,signebrander,Thu Dec 12 06:35:52 +0000 2019,17,0,Finnish,"<a href=""http://www.whatthehelsinki.com"" rel=""nofollow"">Signe Brander Bot</a>",Tweet,Photo,https://pbs.twimg.com/media/ELkRSFBW4AAQTXr.jpg ,0,1,0
1205058675225899008,"Etu-Töölö, Fjelldalin huvila-alue (1908, Kaupunginmuseo, #helsinki) https://t.co/iNZMRplqpu",Signe Brander Bot,signebrander,Thu Dec 12 09:35:51 +0000 2019,14,0,Finnish,"<a href=""http://www.whatthehelsinki.com"" rel=""nofollow"">Signe Brander Bot</a>",Tweet,Photo,https://pbs.twimg.com/media/ELk6erRXUAA7RoN.jpg ,0,1,0
1205103977110679554,"Töölön sokeritehtaan rakennuksia, Turuntie 5-7 (=Mannerheimintie 15) (1930 -luku, Kaupunginmuseo, #helsinki) https://t.co/2TuqRGCsqP",Signe Brander Bot,signebrander,Thu Dec 12 12:35:52 +0000 2019,25,4,Finnish,"<a href=""http://www.whatthehelsinki.com"" rel=""nofollow"">Signe Brander Bot</a>",Tweet,Photo,https://pbs.twimg.com/media/ELljrl8WoAA6ndh.jpg ,0,1,0
1205149273828052995,"Nya Svenska Läroverket, III luokka (1901, toukokuu, Museovirasto) https://t.co/hf6r36bbDw",Signe Brander Bot,signebrander,Thu Dec 12 15:35:52 +0000 2019,10,2,Finnish,"<a href=""http://www.whatthehelsinki.com"" rel=""nofollow"">Signe Brander Bot</a>",Tweet,Photo,https://pbs.twimg.com/media/ELmM4M6XYAcVqcu.jpg ,0,0,0
1205194571812130817,"Ensimmäisten yksikamaristen valtiopäivien avajaiset 25.5.1907 (25.05.1907, Kaupunginmuseo, #helsinki) https://t.co/J9rGlSWrcz",Signe Brander Bot,signebrander,Thu Dec 12 18:35:52 +0000 2019,10,1,Finnish,"<a href=""http://www.whatthehelsinki.com"" rel=""nofollow"">Signe Brander Bot</a>",Tweet,Photo,https://pbs.twimg.com/media/ELm2E5NWsAUu3p1.jpg ,0,1,0
1205375764721479681,"Ruotsinkielinen kansakoulu Cygnaeusskolan, Ratakatu 8.  Oppilaita käytävässä käsien pesulla. (1913, Kaupunginmuseo, #helsinki) https://t.co/hG5huHtLqp",Signe Brander Bot,signebrander,Fri Dec 13 06:35:51 +0000 2019,19,2,Finnish,"<a href=""http://www.whatthehelsinki.com"" rel=""nofollow"">Signe Brander Bot</a>",Tweet,Photo,https://pbs.twimg.com/media/ELpa3tnXYAA_Xz8.jpg ,0,1,0
1205421063976488960,"Laulujuhlat Kaisaniemen urheilukentällä 6.- 9.6.1907 (1907, Kaupunginmuseo, #helsinki) https://t.co/wynxIa23Iw",Signe Brander Bot,signebrander,Fri Dec 13 09:35:51 +0000 2019,22,1,Finnish,"<a href=""http://www.whatthehelsinki.com"" rel=""nofollow"">Signe Brander Bot</a>",Tweet,Photo,https://pbs.twimg.com/media/ELqEEe1X0AUdII5.jpg ,0,1,0
1205466362849697792,"Punavuorenkatu 3, 5, 7a, 7b. (1908, Kaupunginmuseo, #helsinki) https://t.co/hb4x0FSwEx",Signe Brander Bot,signebrander,Fri Dec 13 12:35:52 +0000 2019,17,0,Finnish,"<a href=""http://www.whatthehelsinki.com"" rel=""nofollow"">Signe Brander Bot</a>",Tweet,Photo,https://pbs.twimg.com/media/ELqtRLmWkAE_Wj3.jpg ,0,1,0
1205511659537735680,"Laukon kartano (1911, Museovirasto) https://t.co/uiCTZ5uSNP",Signe Brander Bot,signebrander,Fri Dec 13 15:35:51 +0000 2019,14,2,Finnish,"<a href=""http://www.whatthehelsinki.com"" rel=""nofollow"">Signe Brander Bot</a>",Tweet,Photo,https://pbs.twimg.com/media/ELrWd0-W4AUayIS.jpg ,0,0,0
1205556959283425280,"Fredrikinkatu 24, 26. (1909, Kaupunginmuseo, #helsinki) https://t.co/LKeXQo4RG0",Signe Brander Bot,signebrander,Fri Dec 13 18:35:51 +0000 2019,19,1,Finnish,"<a href=""http://www.whatthehelsinki.com"" rel=""nofollow"">Signe Brander Bot</a>",Tweet,Photo,https://pbs.twimg.com/media/ELr_qneWkAA4tRw.jpg ,0,1,0
1205738153157517313,"Taustalla Alppikatu 9, 7.  Näköala Helsinginkatu 37:n kohdalta etelään. (1911, Kaupunginmuseo, #helsinki) https://t.co/vNqeIoxNww",Signe Brander Bot,signebrander,Sat Dec 14 06:35:51 +0000 2019,17,1,Finnish,"<a href=""http://www.whatthehelsinki.com"" rel=""nofollow"">Signe Brander Bot</a>",Tweet,Photo,https://pbs.twimg.com/media/ELukdfcWkAE0HlY.jpg ,0,1,0
1205783451305218050,"Ruotsinkielinen kansakoulu Cygnaeusskolan, Ratakatu 8.  Oppilaita käytävässä juoma-altaalla. (1913, Kaupunginmuseo, #helsinki) https://t.co/E5teWbcUpm",Signe Brander Bot,signebrander,Sat Dec 14 09:35:51 +0000 2019,25,1,Finnish,"<a href=""http://www.whatthehelsinki.com"" rel=""nofollow"">Signe Brander Bot</a>",Tweet,Photo,https://pbs.twimg.com/media/ELvNqMlWwAAhfeP.jpg ,0,1,0
1205828749834489857,"Hietakannas, nykyisen Hietaniemenkadun kohdalla. (1908, Kaupunginmuseo, #helsinki) https://t.co/4dBjIzvtzK",Signe Brander Bot,signebrander,Sat Dec 14 12:35:51 +0000 2019,19,0,Finnish,"<a href=""http://www.whatthehelsinki.com"" rel=""nofollow"">Signe Brander Bot</a>",Tweet,Photo,https://pbs.twimg.com/media/ELv226FWwAEAeNd.jpg ,0,1,0
1205874049445965828,"Kankaisten kartanon interiööri (1910-luku, Museovirasto) https://t.co/E1qsJWlt0F",Signe Brander Bot,signebrander,Sat Dec 14 15:35:52 +0000 2019,14,0,Finnish,"<a href=""http://www.whatthehelsinki.com"" rel=""nofollow"">Signe Brander Bot</a>",Tweet,Photo,https://pbs.twimg.com/media/ELwgDtQWkAIjwuc.jpg ,0,0,0
1205919346226270208,"Siltavuorensatama (1911, Kaupunginmuseo, #helsinki) https://t.co/ScqoKfS2hM",Signe Brander Bot,signebrander,Sat Dec 14 18:35:51 +0000 2019,32,0,Finnish,"<a href=""http://www.whatthehelsinki.com"" rel=""nofollow"">Signe Brander Bot</a>",Tweet,Photo,https://pbs.twimg.com/media/ELxJQVHW4AAoOnW.jpg ,0,1,0
1206145839011368961,"Sörnäisten rantatie 15, 17. Keskellä Kaikukatu (1912, Kaupunginmuseo, #helsinki) https://t.co/HZnoKhiqf6",Signe Brander Bot,signebrander,Sun Dec 15 09:35:51 +0000 2019,45,0,Finnish,"<a href=""http://www.whatthehelsinki.com"" rel=""nofollow"">Signe Brander Bot</a>",Tweet,Photo,https://pbs.twimg.com/media/EL0XP8YX0AAtAxc.jpg ,0,1,0
1206236435172483072,"Sannäsin kartano (1910, Museovirasto) https://t.co/dUaaWLmLTM",Signe Brander Bot,signebrander,Sun Dec 15 15:35:51 +0000 2019,30,4,Finnish,"<a href=""http://www.whatthehelsinki.com"" rel=""nofollow"">Signe Brander Bot</a>",Tweet,Photo,https://pbs.twimg.com/media/EL1ppUxXkAA-yRP.jpg ,0,0,0
1206508231813718017,"Aleksanterinkatu 14 (Brummerin talo) pihan puolelta (1908, Kaupunginmuseo, #helsinki) https://t.co/bLcjPvu1Wi",Signe Brander Bot,signebrander,Mon Dec 16 09:35:52 +0000 2019,19,0,Finnish,"<a href=""http://www.whatthehelsinki.com"" rel=""nofollow"">Signe Brander Bot</a>",Tweet,Photo,https://pbs.twimg.com/media/EL5g198XUAAspDs.jpg ,0,1,0
1206553527084027904,"Vallila 1b (1908, Kaupunginmuseo, #helsinki) https://t.co/JsmY0URGZO",Signe Brander Bot,signebrander,Mon Dec 16 12:35:52 +0000 2019,20,0,Finnish,"<a href=""http://www.whatthehelsinki.com"" rel=""nofollow"">Signe Brander Bot</a>",Tweet,Photo,https://pbs.twimg.com/media/EL6KCgQX0AAILmT.jpg ,0,1,0
1206598824892026880,"Koljonvirta, Iisalmi (1907, Museovirasto) https://t.co/E9XYQyyvvS",Signe Brander Bot,signebrander,Mon Dec 16 15:35:52 +0000 2019,23,3,Finnish,"<a href=""http://www.whatthehelsinki.com"" rel=""nofollow"">Signe Brander Bot</a>",Tweet,Photo,https://pbs.twimg.com/media/EL6zPMOW4AA9xEd.jpg ,0,0,0
1206644125728153605,"Kalastajia jäällä Eteläsatamassa Linnanlaiturin edustalla (1907, Kaupunginmuseo, #helsinki) https://t.co/puis99JTcw",Signe Brander Bot,signebrander,Mon Dec 16 18:35:52 +0000 2019,37,2,Finnish,"<a href=""http://www.whatthehelsinki.com"" rel=""nofollow"">Signe Brander Bot</a>",Tweet,Photo,https://pbs.twimg.com/media/EL7ccA9WkAAI2x7.jpg ,0,1,0
1206646934926176258,"Brander Signe, 1901, toukokuu: Nya Svenska Läroverket, III luokka (Helsinki, Museovirasto) https://t.co/5szdYSTOLv",Signe Brander Bot,signebrander,Mon Dec 16 18:47:02 +0000 2019,0,1,Finnish,"<a href=""https://about.twitter.com/products/tweetdeck"" rel=""nofollow"">TweetDeck</a>",Retweet,Photo,https://pbs.twimg.com/media/EL7exetW4AAvmD8.jpg ,0,0,0
1206825319300100096,"Saunakatu 6. (= Tehtaankatu 1a ). (1907, Kaupunginmuseo, #helsinki) https://t.co/7kqaLPj4B6",Signe Brander Bot,signebrander,Tue Dec 17 06:35:52 +0000 2019,24,0,Finnish,"<a href=""http://www.whatthehelsinki.com"" rel=""nofollow"">Signe Brander Bot</a>",Tweet,Photo,https://pbs.twimg.com/media/EL-BO4DU4AA219w.jpg ,0,1,0
1206870616466427905,"Kaivokatu 10. Rakennuksessa ylilääkärin vastaanotto 13-14. Vastaanotot Talous- ja kone- sekä Liikenne- ja rataosastoille. (1930 -luku, HKM) https://t.co/vmEFUsgeFs",Signe Brander Bot,signebrander,Tue Dec 17 09:35:52 +0000 2019,14,0,Finnish,"<a href=""http://www.whatthehelsinki.com"" rel=""nofollow"">Signe Brander Bot</a>",Tweet,Photo,https://pbs.twimg.com/media/EL-qbisXsAAdDuC.jpg ,0,0,0
1206915915700482048,"Itäinen Viertotie 17, 15, 13.  Nykyinen Hämeentie 20, 18, 16. Viides linja avattiin Itäinen Viertotie 20 :n oikealle puolelle. (1908, HKM) https://t.co/cv74xskakI",Signe Brander Bot,signebrander,Tue Dec 17 12:35:52 +0000 2019,33,1,Finnish,"<a href=""http://www.whatthehelsinki.com"" rel=""nofollow"">Signe Brander Bot</a>",Tweet,Photo,https://pbs.twimg.com/media/EL_ToTVWoAAZAQC.jpg ,0,0,0
1206961212891811841,"Gustaf Mauritz Armfeltin työhuone Åminnen kartanossa (1911, Museovirasto) https://t.co/U8qdhkHe3c",Signe Brander Bot,signebrander,Tue Dec 17 15:35:52 +0000 2019,16,2,Finnish,"<a href=""http://www.whatthehelsinki.com"" rel=""nofollow"">Signe Brander Bot</a>",Tweet,Photo,https://pbs.twimg.com/media/EL_808NW4AMqSgC.jpg ,0,0,0
1207006512981401601,"Töölönlahti (1912, Kaupunginmuseo, #helsinki) https://t.co/p6wBoPXeoM",Signe Brander Bot,signebrander,Tue Dec 17 18:35:52 +0000 2019,31,1,Finnish,"<a href=""http://www.whatthehelsinki.com"" rel=""nofollow"">Signe Brander Bot</a>",Tweet,Photo,https://pbs.twimg.com/media/EMAmBvuWoAArXn8.jpg ,0,1,0
1207187707220414466,"Bulevardi 7-9 (Boulevardsgatan 7) Pihakuva. (1913, Kaupunginmuseo, #helsinki) https://t.co/AQUmgNHZJL",Signe Brander Bot,signebrander,Wed Dec 18 06:35:52 +0000 2019,16,2,Finnish,"<a href=""http://www.whatthehelsinki.com"" rel=""nofollow"">Signe Brander Bot</a>",Tweet,Photo,https://pbs.twimg.com/media/EMDK0pEXsAAm7UA.jpg ,0,1,0
1207233004365631489,"Bulevardi 7, 5. (1907, Kaupunginmuseo, #helsinki) https://t.co/MwmV5ibd5t",Signe Brander Bot,signebrander,Wed Dec 18 09:35:52 +0000 2019,21,0,Finnish,"<a href=""http://www.whatthehelsinki.com"" rel=""nofollow"">Signe Brander Bot</a>",Tweet,Photo,https://pbs.twimg.com/media/EMD0BShWoAE9qAu.jpg ,0,1,0
1207278302827876354,"Ulriikaporinkatu (= Ullanlinnankatu) 3, 5. Taustalla Ratakatu 1c (1907, Kaupunginmuseo, #helsinki) https://t.co/K6PtKJoExc",Signe Brander Bot,signebrander,Wed Dec 18 12:35:52 +0000 2019,19,0,Finnish,"<a href=""http://www.whatthehelsinki.com"" rel=""nofollow"">Signe Brander Bot</a>",Tweet,Photo,https://pbs.twimg.com/media/EMEdN-5XYAEt1Pi.jpg ,0,1,0
1207323600862220288,"Viikin kartano Pirkkalassa (1911, Museovirasto) https://t.co/lmfbD6kK0Q",Signe Brander Bot,signebrander,Wed Dec 18 15:35:52 +0000 2019,9,0,Finnish,"<a href=""http://www.whatthehelsinki.com"" rel=""nofollow"">Signe Brander Bot</a>",Tweet,Photo,https://pbs.twimg.com/media/EMFGasxX0AMOXte.jpg ,0,0,0
1207368902709256196,"Jenny Florinin koti (1908, Kaupunginmuseo, #helsinki) https://t.co/rtdv0lEpoS",Signe Brander Bot,signebrander,Wed Dec 18 18:35:52 +0000 2019,16,0,Finnish,"<a href=""http://www.whatthehelsinki.com"" rel=""nofollow"">Signe Brander Bot</a>",Tweet,Photo,https://pbs.twimg.com/media/EMFvnnBWwAUGIrK.jpg ,0,1,0
1207550093106257921,"Maneesikatu 2a, 4, 2aa (= 2b). (1907, Kaupunginmuseo, #helsinki) https://t.co/LxxPVsrlX8",Signe Brander Bot,signebrander,Thu Dec 19 06:35:52 +0000 2019,12,1,Finnish,"<a href=""http://www.whatthehelsinki.com"" rel=""nofollow"">Signe Brander Bot</a>",Tweet,Photo,https://pbs.twimg.com/media/EMIUaRlWsAEZyP8.jpg ,0,1,0
1207595394487717888,"Kruununhaankatu 3. - Konstantininkatu (Meritullinkatu) 31, Kruununhaankatu 1. Kadun päässä Maurinkatu 1. (1907, Kaupunginmuseo, #helsinki) https://t.co/rvYkbdkE0h",Signe Brander Bot,signebrander,Thu Dec 19 09:35:52 +0000 2019,10,0,Finnish,"<a href=""http://www.whatthehelsinki.com"" rel=""nofollow"">Signe Brander Bot</a>",Tweet,Photo,https://pbs.twimg.com/media/EMI9nJCXUAUGGUD.jpg ,0,1,0
1207640689732988933,"Itäinen Viertotie ja Hakaniementori (1908, Kaupunginmuseo, #helsinki) https://t.co/JDw7tHCCDy",Signe Brander Bot,signebrander,Thu Dec 19 12:35:51 +0000 2019,19,1,Finnish,"<a href=""http://www.whatthehelsinki.com"" rel=""nofollow"">Signe Brander Bot</a>",Tweet,Photo,https://pbs.twimg.com/media/EMJmzsgW4AExeot.jpg ,0,1,0
1207685990028062723,"näkymä paloaseman tornista (1905, Museovirasto) https://t.co/2fTsr3bQvg",Signe Brander Bot,signebrander,Thu Dec 19 15:35:52 +0000 2019,18,2,Finnish,"<a href=""http://www.whatthehelsinki.com"" rel=""nofollow"">Signe Brander Bot</a>",Tweet,Photo,https://pbs.twimg.com/media/EMKQAhzXsAE6hA-.jpg ,0,0,0
1207731288603582464,"Työläisten vappukulkue Senaatintorilla. (01.05.1912, Kaupunginmuseo, #helsinki) https://t.co/kVfcGB6jl2",Signe Brander Bot,signebrander,Thu Dec 19 18:35:52 +0000 2019,29,2,Finnish,"<a href=""http://www.whatthehelsinki.com"" rel=""nofollow"">Signe Brander Bot</a>",Tweet,Photo,https://pbs.twimg.com/media/EMK5NN6XkAEqfmE.jpg ,0,1,0
1207912480728604683,"Mariankatu 9, 11, 13, 15, 17. (1907, Kaupunginmuseo, #helsinki) https://t.co/N0FwOA9mSP",Signe Brander Bot,signebrander,Fri Dec 20 06:35:51 +0000 2019,20,1,Finnish,"<a href=""http://www.whatthehelsinki.com"" rel=""nofollow"">Signe Brander Bot</a>",Tweet,Photo,https://pbs.twimg.com/media/EMNeABWXkAAKk-O.jpg ,0,1,0
1207957781048893440,"Uutta kivistä Pitkääsiltaa rakennetaan (1912, Kaupunginmuseo, #helsinki) https://t.co/F3mdk0CzAa",Signe Brander Bot,signebrander,Fri Dec 20 09:35:52 +0000 2019,42,3,Finnish,"<a href=""http://www.whatthehelsinki.com"" rel=""nofollow"">Signe Brander Bot</a>",Tweet,Photo,https://pbs.twimg.com/media/EMOHM1yXsAAtEkS.jpg ,0,1,0
1208003080681332742,"Pohjoissatama (1909, Kaupunginmuseo, #helsinki) https://t.co/yQOfKfT35m",Signe Brander Bot,signebrander,Fri Dec 20 12:35:52 +0000 2019,17,0,Finnish,"<a href=""http://www.whatthehelsinki.com"" rel=""nofollow"">Signe Brander Bot</a>",Tweet,Photo,https://pbs.twimg.com/media/EMOwZnaXsAAO0Xu.jpg ,0,1,0
1208048377172238341,"Valkealan kartano (vuonna 1920 tai sitä ennen, Museovirasto) https://t.co/8mGPRO9mg2",Signe Brander Bot,signebrander,Fri Dec 20 15:35:52 +0000 2019,13,0,Finnish,"<a href=""http://www.whatthehelsinki.com"" rel=""nofollow"">Signe Brander Bot</a>",Tweet,Photo,https://pbs.twimg.com/media/EMPZmORWoAAG-6T.jpg ,0,0,0
1208093675584135168,"Vanha raatihuone, juhlasali. (1912, Kaupunginmuseo, #helsinki) https://t.co/yRBrZlcc5Y",Signe Brander Bot,signebrander,Fri Dec 20 18:35:52 +0000 2019,21,3,Finnish,"<a href=""http://www.whatthehelsinki.com"" rel=""nofollow"">Signe Brander Bot</a>",Tweet,Photo,https://pbs.twimg.com/media/EMQCy8kXYAA38jG.jpg ,0,1,0
1208274867872829440,"Ensimmäisten yksikamaristen valtiopäivien avajaiset 25.5.1907 (25.05.1907, Kaupunginmuseo, #helsinki) https://t.co/n1IayIXJtc",Signe Brander Bot,signebrander,Sat Dec 21 06:35:51 +0000 2019,16,0,Finnish,"<a href=""http://www.whatthehelsinki.com"" rel=""nofollow"">Signe Brander Bot</a>",Tweet,Photo,https://pbs.twimg.com/media/EMSnlu3XYAAepHg.jpg ,0,1,0
1208320167501074433,"Albertinkatu 26, piha. (1908, Kaupunginmuseo, #helsinki) https://t.co/FpSjJROFXT",Signe Brander Bot,signebrander,Sat Dec 21 09:35:52 +0000 2019,17,1,Finnish,"<a href=""http://www.whatthehelsinki.com"" rel=""nofollow"">Signe Brander Bot</a>",Tweet,Photo,https://pbs.twimg.com/media/EMTQygtW4AEgO3H.jpg ,0,1,0
1208365466542051330,"Korkeavuorenkatu 32, 34, 36. (1907, Kaupunginmuseo, #helsinki) https://t.co/PYoSJ7Fq3d",Signe Brander Bot,signebrander,Sat Dec 21 12:35:52 +0000 2019,25,3,Finnish,"<a href=""http://www.whatthehelsinki.com"" rel=""nofollow"">Signe Brander Bot</a>",Tweet,Photo,https://pbs.twimg.com/media/EMT5_RaXUAAaO8a.jpg ,0,1,0
1208410765658603520,"Eduskunnan istunto Palokunnan talon juhlasalissa (1907, repro, Museovirasto) https://t.co/uPBKhJksE5",Signe Brander Bot,signebrander,Sat Dec 21 15:35:52 +0000 2019,17,3,Finnish,"<a href=""http://www.whatthehelsinki.com"" rel=""nofollow"">Signe Brander Bot</a>",Tweet,Photo,https://pbs.twimg.com/media/EMUjMBEWoAE6YiF.jpg ,0,0,0
1208456064921931776,"Istutustöitä Katajanokan puistossa (1907, Kaupunginmuseo, #helsinki) https://t.co/Q7eI6Z5T05",Signe Brander Bot,signebrander,Sat Dec 21 18:35:52 +0000 2019,27,1,Finnish,"<a href=""http://www.whatthehelsinki.com"" rel=""nofollow"">Signe Brander Bot</a>",Tweet,Photo,https://pbs.twimg.com/media/EMVMYxSWsAAMSoJ.jpg ,0,1,0
1208637257172865024,"Unioninkatu 37.  Vanha klinikka. (1907, Kaupunginmuseo, #helsinki) https://t.co/5sJdVhq1d1",Signe Brander Bot,signebrander,Sun Dec 22 06:35:52 +0000 2019,18,1,Finnish,"<a href=""http://www.whatthehelsinki.com"" rel=""nofollow"">Signe Brander Bot</a>",Tweet,Photo,https://pbs.twimg.com/media/EMXxLj0WwAATVLB.jpg ,0,1,0
1208682556570382336,"Etu-Töölö, Bergan huvila-alue (1912, Kaupunginmuseo, #helsinki) https://t.co/tLBOKbcw4n",Signe Brander Bot,signebrander,Sun Dec 22 09:35:52 +0000 2019,28,2,Finnish,"<a href=""http://www.whatthehelsinki.com"" rel=""nofollow"">Signe Brander Bot</a>",Tweet,Photo,https://pbs.twimg.com/media/EMYaYU8WsAAXOut.jpg ,0,1,0
1208727854193790981,"Töölönlahti (1911, Kaupunginmuseo, #helsinki) https://t.co/llT7psA28H",Signe Brander Bot,signebrander,Sun Dec 22 12:35:52 +0000 2019,23,2,Finnish,"<a href=""http://www.whatthehelsinki.com"" rel=""nofollow"">Signe Brander Bot</a>",Tweet,Photo,https://pbs.twimg.com/media/EMZDlATWkAABxZG.jpg ,0,1,0
1208773151204745216,"Louhisaaren kartano, kattomaalauksia (Museovirasto) https://t.co/bwD7HA28z0",Signe Brander Bot,signebrander,Sun Dec 22 15:35:51 +0000 2019,23,0,Finnish,"<a href=""http://www.whatthehelsinki.com"" rel=""nofollow"">Signe Brander Bot</a>",Tweet,Photo,https://pbs.twimg.com/media/EMZsxoNXUAEm8MD.jpg ,0,0,0
1208778334886416387,"Onko seuraajilla tietoa tai ideoita millä softalla tämän Helsinki 3D-mallin saisi luettua ja näytettyä netissä teille omin lisäyksin esim. sijoittaen kaupunkiin vanhoja valokuvia museoiden kokoelmista?

Aluksi riittäisi vaikkapa yksi kaupunginosa. https://t.co/3zXadG9Axy",Signe Brander Bot,signebrander,Sun Dec 22 15:56:27 +0000 2019,0,5,Finnish,"<a href=""https://about.twitter.com/products/tweetdeck"" rel=""nofollow"">TweetDeck</a>",Retweet,,,1,0,0
1208818450312912901,"Panoraama Kansallismuseon tornista kaakkoon (1908, Kaupunginmuseo, #helsinki) https://t.co/Ju3IJvQtOe",Signe Brander Bot,signebrander,Sun Dec 22 18:35:51 +0000 2019,33,2,Finnish,"<a href=""http://www.whatthehelsinki.com"" rel=""nofollow"">Signe Brander Bot</a>",Tweet,Photo,https://pbs.twimg.com/media/EMaV-YgWwAATOdY.jpg ,0,1,0
1208999643369095170,"Taivallahti (1913, Kaupunginmuseo, #helsinki) https://t.co/MQJm0eqEgL",Signe Brander Bot,signebrander,Mon Dec 23 06:35:51 +0000 2019,14,0,Finnish,"<a href=""http://www.whatthehelsinki.com"" rel=""nofollow"">Signe Brander Bot</a>",Tweet,Photo,https://pbs.twimg.com/media/EMc6xNrWkAAqPuw.jpg ,0,1,0
1209044943823659008,"Rakentamatonta Helsinginkatua (1912, Kaupunginmuseo, #helsinki) https://t.co/WsSY1EDBPU",Signe Brander Bot,signebrander,Mon Dec 23 09:35:52 +0000 2019,38,2,Finnish,"<a href=""http://www.whatthehelsinki.com"" rel=""nofollow"">Signe Brander Bot</a>",Tweet,Photo,https://pbs.twimg.com/media/EMdj-CqWoAA6q2_.jpg ,0,1,0
1209090241082134528,"Vilhonvuorenkatu 4, 6, 8. (1908, Kaupunginmuseo, #helsinki) https://t.co/TFNT116wAl",Signe Brander Bot,signebrander,Mon Dec 23 12:35:51 +0000 2019,24,2,Finnish,"<a href=""http://www.whatthehelsinki.com"" rel=""nofollow"">Signe Brander Bot</a>",Tweet,Photo,https://pbs.twimg.com/media/EMeNKsHXsAAcjkA.jpg ,0,1,0
1209135540982951937,"näkymä Laukon kartanon katolta (1911, Museovirasto) https://t.co/K5jpYfFsBH",Signe Brander Bot,signebrander,Mon Dec 23 15:35:52 +0000 2019,20,3,Finnish,"<a href=""http://www.whatthehelsinki.com"" rel=""nofollow"">Signe Brander Bot</a>",Tweet,Photo,https://pbs.twimg.com/media/EMe2Xf5WkAA0CpN.jpg ,0,0,0
1209180839277449218,"Uudenmaankatu 8, 6, 4, 2. (1907, Kaupunginmuseo, #helsinki) https://t.co/GsAr5knHGz",Signe Brander Bot,signebrander,Mon Dec 23 18:35:52 +0000 2019,13,0,Finnish,"<a href=""http://www.whatthehelsinki.com"" rel=""nofollow"">Signe Brander Bot</a>",Tweet,Photo,https://pbs.twimg.com/media/EMffkMBWkAAmTcy.jpg ,0,1,0
1209362035567452160,"Etu-Töölö, Bergan huvila-alue (1908, Kaupunginmuseo, #helsinki) https://t.co/Y7psfMAnah",Signe Brander Bot,signebrander,Tue Dec 24 06:35:52 +0000 2019,20,1,Finnish,"<a href=""http://www.whatthehelsinki.com"" rel=""nofollow"">Signe Brander Bot</a>",Tweet,Photo,https://pbs.twimg.com/media/EMiEXNQWwAEnZwB.jpg ,0,1,0
1209407330510618624,"Narinkka Simonkadulla. (1909, Kaupunginmuseo, #helsinki) https://t.co/EOPz8ibNUL",Signe Brander Bot,signebrander,Tue Dec 24 09:35:51 +0000 2019,31,3,Finnish,"<a href=""http://www.whatthehelsinki.com"" rel=""nofollow"">Signe Brander Bot</a>",Tweet,Photo,https://pbs.twimg.com/media/EMitjukXYAACSVB.jpg ,0,1,0
1209452630201839616,"Barkoffin luujauhotehdas (1908, Kaupunginmuseo, #helsinki) https://t.co/ofgOUocD7r",Signe Brander Bot,signebrander,Tue Dec 24 12:35:52 +0000 2019,22,2,Finnish,"<a href=""http://www.whatthehelsinki.com"" rel=""nofollow"">Signe Brander Bot</a>",Tweet,Photo,https://pbs.twimg.com/media/EMjWwgFXUAAeHk7.jpg ,0,1,0
1209543226169995264,"Kaisaniemi. (1912, Kaupunginmuseo, #helsinki) https://t.co/1zQSJ61ZPR",Signe Brander Bot,signebrander,Tue Dec 24 18:35:52 +0000 2019,30,2,Finnish,"<a href=""http://www.whatthehelsinki.com"" rel=""nofollow"">Signe Brander Bot</a>",Tweet,Photo,https://pbs.twimg.com/media/EMkpJ4BX0AALbGf.jpg ,0,1,0
1212349694518661121,"Bergan huvila-alue, Berga 5.  Nykyinen Vänrikki Stoolin katu 12.  Kuvattu nykyisen Vänrikki Stoolin katu 10a:n kohdalta pohjo...(1912, HKM) https://t.co/aQu62pQ4K7",Signe Brander Bot,signebrander,Wed Jan 01 12:27:46 +0000 2020,22,1,Finnish,"<a href=""http://www.whatthehelsinki.com"" rel=""nofollow"">Signe Brander Bot</a>",Tweet,Photo,https://pbs.twimg.com/media/ENMhn2RX0AAUb_9.jpg ,0,0,0
1212394981085925376,"Putkisalon kartano, Rantasalmen Putkisalmen kylä (ennen 1920, Museovirasto) https://t.co/TPqYIkspYR",Signe Brander Bot,signebrander,Wed Jan 01 15:27:43 +0000 2020,15,1,Finnish,"<a href=""http://www.whatthehelsinki.com"" rel=""nofollow"">Signe Brander Bot</a>",Tweet,Photo,https://pbs.twimg.com/media/ENNKz2dXkAAr3zz.jpg ,0,0,0
1212440280529551366,"Sauna Marie-Bad (1913, Kaupunginmuseo, #helsinki) https://t.co/yCqzoyrG73",Signe Brander Bot,signebrander,Wed Jan 01 18:27:43 +0000 2020,7,0,Tagalog,"<a href=""http://www.whatthehelsinki.com"" rel=""nofollow"">Signe Brander Bot</a>",Tweet,Photo,https://pbs.twimg.com/media/ENN0ApTWkAIDenH.jpg ,0,1,0
1212665641620115457,"Huvila Sibeliuksen puistossa (1930 -luku, Kaupunginmuseo, #helsinki) https://t.co/yX2wesAdFb",Signe Brander Bot,signebrander,Thu Jan 02 09:23:13 +0000 2020,23,2,Finnish,"<a href=""http://www.whatthehelsinki.com"" rel=""nofollow"">Signe Brander Bot</a>",Tweet,Photo,https://pbs.twimg.com/media/ENRA-ZOX0AAoo2d.jpg ,0,1,0
1212710929047142409,"Näkymä Erottajan paloaseman palotornista kaakkoon (1905, Kaupunginmuseo, #helsinki) https://t.co/HPRfvQ4fnM",Signe Brander Bot,signebrander,Thu Jan 02 12:23:11 +0000 2020,30,1,Finnish,"<a href=""http://www.whatthehelsinki.com"" rel=""nofollow"">Signe Brander Bot</a>",Tweet,Photo,https://pbs.twimg.com/media/ENRqKc5XUAAnMYn.jpg ,0,1,0
1212756228469858304,"Kauttuan kartanon vanha päärakennus (1913 - 1920, Museovirasto) https://t.co/nRgoUn3ACi",Signe Brander Bot,signebrander,Thu Jan 02 15:23:11 +0000 2020,12,0,Finnish,"<a href=""http://www.whatthehelsinki.com"" rel=""nofollow"">Signe Brander Bot</a>",Tweet,Photo,https://pbs.twimg.com/media/ENSTXPUWoAAYP2P.jpg ,0,0,0
1212801527439675394,"Säätytalo, Nikolainkatu (Snellmaninkatu) 9 - 11, Rauhankadun puolelta nähtynä (1907, Kaupunginmuseo, #helsinki) https://t.co/3MZbXlE8PZ",Signe Brander Bot,signebrander,Thu Jan 02 18:23:11 +0000 2020,33,3,Finnish,"<a href=""http://www.whatthehelsinki.com"" rel=""nofollow"">Signe Brander Bot</a>",Tweet,Photo,https://pbs.twimg.com/media/ENS8j-CWsAUbwY5.jpg ,0,1,0
1212982719556268037,"Läntinen Rantakatu (= Eteläranta ) 18, 20.  Eteläesplanadi 2. (1909, Kaupunginmuseo, #helsinki) https://t.co/LnP4ce93SC",Signe Brander Bot,signebrander,Fri Jan 03 06:23:11 +0000 2020,17,0,Finnish,"<a href=""http://www.whatthehelsinki.com"" rel=""nofollow"">Signe Brander Bot</a>",Tweet,Photo,https://pbs.twimg.com/media/ENVhWwdWwAA2I0Q.jpg ,0,1,0
1213028019222265856,"Aleksanterinkatu 52, piha. (1912, Kaupunginmuseo, #helsinki) https://t.co/lelfnFZqyS",Signe Brander Bot,signebrander,Fri Jan 03 09:23:11 +0000 2020,20,0,Finnish,"<a href=""http://www.whatthehelsinki.com"" rel=""nofollow"">Signe Brander Bot</a>",Tweet,Photo,https://pbs.twimg.com/media/ENWKjgvX0AI-zFX.jpg ,0,1,0
1213073319244816385,"Eira, etualalla Wecksellintie (1909, Kaupunginmuseo, #helsinki) https://t.co/e3Net0jK5Z",Signe Brander Bot,signebrander,Fri Jan 03 12:23:11 +0000 2020,17,1,Finnish,"<a href=""http://www.whatthehelsinki.com"" rel=""nofollow"">Signe Brander Bot</a>",Tweet,Photo,https://pbs.twimg.com/media/ENWzwWqWsAAT890.jpg ,0,1,0
1213118615152734209,"Eurajoki Vuojoen kartanon kohdalla, näkymä alavirtaan vedenottopaikalle (1911, Museovirasto) https://t.co/SrHUHdVrzb",Signe Brander Bot,signebrander,Fri Jan 03 15:23:11 +0000 2020,9,1,Finnish,"<a href=""http://www.whatthehelsinki.com"" rel=""nofollow"">Signe Brander Bot</a>",Tweet,Photo,https://pbs.twimg.com/media/ENXc87hX0AUnUzi.jpg ,0,0,0
1213163915473014786,"Läntinen Viertotie 6. Nykyinen Eduskuntapuistikko Mannerheimintien ja Aurorankadun kulmassa (1912, Kaupunginmuseo, #helsinki) https://t.co/m2xMCzMKSo",Signe Brander Bot,signebrander,Fri Jan 03 18:23:11 +0000 2020,25,0,Finnish,"<a href=""http://www.whatthehelsinki.com"" rel=""nofollow"">Signe Brander Bot</a>",Tweet,Photo,https://pbs.twimg.com/media/ENYGJwHWwAEhMsi.jpg ,0,1,0
1213704529029586944,"Lastenkodinkuja 2, 4. (1913, Kaupunginmuseo, #helsinki) https://t.co/Fgr9jyyrlP",Signe Brander Bot,signebrander,Sun Jan 05 06:11:23 +0000 2020,24,0,Finnish,"<a href=""http://www.whatthehelsinki.com"" rel=""nofollow"">Signe Brander Bot</a>",Tweet,Photo,https://pbs.twimg.com/media/ENfx1naXkAE3mKR.jpg ,0,1,0
1213749817173823489,"Fabianinkatu 22, piha (1907, Kaupunginmuseo, #helsinki) https://t.co/rOxlOZp1w6",Signe Brander Bot,signebrander,Sun Jan 05 09:11:21 +0000 2020,22,0,Finnish,"<a href=""http://www.whatthehelsinki.com"" rel=""nofollow"">Signe Brander Bot</a>",Tweet,Photo,https://pbs.twimg.com/media/ENgbBt4XUAA6iut.jpg ,0,1,0
1213752226293993477,"Ottakaapas seurantaan @mikko_lindqvist, joka aktiivisesti taustoittaa julkaistuja kuvia. https://t.co/3i6Y8oJfRW",Signe Brander Bot,signebrander,Sun Jan 05 09:20:55 +0000 2020,6,1,Finnish,"<a href=""https://about.twitter.com/products/tweetdeck"" rel=""nofollow"">TweetDeck</a>",Tweet,,,1,0,1
1213795116256768001,"Siltasaarenkatu 4, 6, 8. (1907, Kaupunginmuseo, #helsinki) https://t.co/OHnkdlrw4L",Signe Brander Bot,signebrander,Sun Jan 05 12:11:21 +0000 2020,15,0,Finnish,"<a href=""http://www.whatthehelsinki.com"" rel=""nofollow"">Signe Brander Bot</a>",Tweet,Photo,https://pbs.twimg.com/media/ENhEOeuXkAAZA_P.jpg ,0,1,0
1213840414354096128,"Saaren kartanon päärakennus Tammelassa (1913 - 1920, Museovirasto) https://t.co/Z0ZiV4aHDM",Signe Brander Bot,signebrander,Sun Jan 05 15:11:21 +0000 2020,15,1,Finnish,"<a href=""http://www.whatthehelsinki.com"" rel=""nofollow"">Signe Brander Bot</a>",Tweet,Photo,https://pbs.twimg.com/media/ENhtbLQWkAAy1B7.jpg ,0,0,0
1213885713386803200,"Siltavuorenkatu (Kirjatyöntekijänkatu) 14, 12, 10, 8, 6 (1907, Kaupunginmuseo, #helsinki) https://t.co/ROirtsMNVg",Signe Brander Bot,signebrander,Sun Jan 05 18:11:21 +0000 2020,14,0,Finnish,"<a href=""http://www.whatthehelsinki.com"" rel=""nofollow"">Signe Brander Bot</a>",Tweet,Photo,https://pbs.twimg.com/media/ENiWn7BXsAAhBb4.jpg ,0,1,0
1214066906531016709,"Vanha rautatieasema (1909, Kaupunginmuseo, #helsinki) https://t.co/3u9JGDtOg6",Signe Brander Bot,signebrander,Mon Jan 06 06:11:21 +0000 2020,16,1,Finnish,"<a href=""http://www.whatthehelsinki.com"" rel=""nofollow"">Signe Brander Bot</a>",Tweet,Photo,https://pbs.twimg.com/media/ENk7av8XkAAWEkN.jpg ,0,1,0
1214112205412671488,"Heikinkatu 15 (=Mannerheimintie 9) (n. 1937, Kaupunginmuseo, #helsinki) https://t.co/mFxISbNUI6",Signe Brander Bot,signebrander,Mon Jan 06 09:11:21 +0000 2020,14,0,Finnish,"<a href=""http://www.whatthehelsinki.com"" rel=""nofollow"">Signe Brander Bot</a>",Tweet,Photo,https://pbs.twimg.com/media/ENlknfRW4AEI-l-.jpg ,0,1,0
